002680,0.000,0,1552575
300028,0.000,0,1557500
300104,0.000,0,1557500
300216,0.000,0,1557500
000939,0.000,0,1557500
000995,0.000,0,1557500
002604,0.000,0,1557846
002260,0.000,0,1557846
600074,1.040,0,1568192
600610,3.260,0,1568192
600022,1.540,33083470,1568214
600959,4.450,8103893,1568214
600290,4.450,14937331,1568214
600146,20.280,18224991,1568214
600122,3.040,22327956,1568214
600162,2.480,18765806,1568214
600222,4.810,8986134,1568214
600121,2.540,5223381,1568214
600118,23.940,11507037,1568214
600695,6.210,29858973,1568214
600161,27.510,6547481,1568214
600159,2.650,4670811,1568214
600112,2.530,4310300,1568214
600109,9.490,40253843,1568214
600061,13.710,23959951,1568214
600158,10.760,11532209,1568214
600176,8.700,18063558,1568214
600180,8.470,10509146,1568214
600688,4.320,8909630,1568214
600008,3.540,16059608,1568214
600016,6.150,69218514,1568214
600192,5.840,14109540,1568214
600203,6.440,9596104,1568214
600126,4.230,4851905,1568214
600150,24.450,16655819,1568214
600099,7.130,3025947,1568214
600133,5.650,7655739,1568214
600241,5.660,2359885,1568214
600060,8.070,16642326,1568214
600086,3.520,44049837,1568214
600189,4.000,2680037,1568214
600200,5.430,7476301,1568214
600071,12.540,11103329,1568214
600000,11.950,39063654,1568214
600215,6.910,2733250,1568214
600070,8.620,11539976,1568214
600058,8.240,3382202,1568214
600011,6.360,13347012,1568214
600004,19.850,10935581,1568214
600769,6.650,3319288,1568214
600179,3.930,18822015,1568214
600135,7.470,3767438,1568214
600010,1.540,124753695,1568214
600770,5.920,13645385,1568214
600297,4.050,8123837,1568214
600007,16.790,1041600,1568214
600265,26.090,83760,1568214
600809,72.130,10052470,1568214
600152,6.900,24622284,1568214
600235,5.050,15973042,1568214
600208,3.080,46616136,1568214
600123,6.860,8625176,1568214
600563,39.970,1645642,1568214
600262,20.840,328500,1568214
600066,15.100,11619797,1568214
600023,4.070,20300552,1568214
600170,3.550,28242709,1568214
600114,6.740,36409546,1568214
600247,3.940,1057338,1568214
600366,7.490,37739672,1568214
600191,5.840,6970081,1568214
600137,15.630,525601,1568214
600168,6.940,2044001,1568214
600173,4.550,3727161,1568214
600285,8.560,5284053,1568214
600113,7.710,15596725,1568214
600396,1.730,4355800,1568214
600667,8.080,39580996,1568214
600308,4.370,21773019,1568214
600198,12.300,26735643,1568214
600186,1.560,6133600,1568214
600059,8.890,14898087,1568214
600052,6.460,148491426,1568214
600067,4.300,2422960,1568214
600299,11.110,6628313,1568214
600466,6.050,13790449,1568214
600288,11.060,3810854,1568214
600076,4.470,9849200,1568214
600072,17.690,45691824,1568214
600217,5.650,16740782,1568214
600206,11.910,40669881,1568214
600679,12.830,2460201,1568214
600037,10.090,6546041,1568214
600273,12.700,42317361,1568214
600295,8.430,11317132,1568214
600199,6.710,19739865,1568214
600089,6.790,17003252,1568214
600018,6.040,43101633,1568214
600131,19.190,16728893,1568214
600293,4.170,20994974,1568214
600307,1.980,15717912,1568214
600084,2.380,7158401,1568214
600234,8.760,122300,1568214
600096,5.600,11091523,1568214
600284,6.630,9370779,1568214
600195,17.120,44812097,1568214
600188,11.400,21393094,1568214
600184,12.660,4484781,1568214
600409,5.420,13338019,1568214
600250,7.220,2132400,1568214
600030,24.390,201602203,1568214
600105,4.470,12895848,1568214
600166,2.190,54831004,1568214
600048,13.950,52080148,1568214
600242,8.590,13420912,1568214
600175,2.250,145173329,1568214
600532,4.290,11399202,1568214
600035,3.460,17225630,1568214
600240,0.940,81608414,1568214
600094,7.600,42811670,1568214
600019,6.140,27879522,1568214
600153,9.050,13806816,1568214
600157,1.610,180531785,1568214
600237,4.150,10724999,1568214
600160,7.490,18682431,1568214
600077,2.580,10233644,1568214
600210,3.860,11508846,1568214
600212,4.150,14401472,1568214
600478,4.740,33715267,1568214
600267,10.890,10142103,1568214
600225,3.560,49780295,1568214
600735,6.010,9973100,1568214
600107,7.130,15493981,1568214
600259,35.930,7861366,1568214
600281,4.810,6246556,1568214
600626,7.070,10015404,1568214
600617,5.240,2204322,1568214
600029,6.870,27612012,1568214
600101,6.570,2190201,1568214
600149,5.670,3105784,1568214
600055,10.300,3971644,1568214
600338,13.170,15837221,1568214
600098,6.250,1906200,1568214
600148,15.510,1512300,1568214
600232,6.080,4744458,1568214
600233,12.260,9230876,1568214
600155,14.140,53555225,1568214
600556,8.170,3185400,1568214
600303,3.920,7289500,1568214
600141,11.250,15088700,1568214
600111,11.940,59251591,1568214
600073,9.330,14676514,1568214
600280,3.410,5066500,1568214
600630,7.350,3682317,1568214
600794,4.320,24973176,1568214
600566,30.210,4577525,1568214
600279,4.450,13288228,1568214
600230,12.990,8182114,1568214
600128,8.000,12208538,1568214
600246,3.960,1643540,1568214
600602,8.470,11419568,1568214
600616,5.520,6384901,1568214
600138,12.940,14854862,1568214
600266,7.370,8320401,1568214
600178,5.270,6567769,1568214
600276,78.090,23722886,1568214
600130,3.900,13183824,1568214
600269,4.250,8276541,1568214
600177,6.460,6934949,1568214
600020,4.500,17216368,1568214
600069,2.830,50446753,1568214
600678,5.170,8754756,1568214
600641,12.280,6664840,1568214
600171,16.800,34999772,1568214
600393,2.740,50812536,1568214
600329,14.740,5208075,1568214
300430,8.870,10498845,1568214
600306,6.090,2150075,1568214
600143,7.040,145295024,1568214
600207,5.070,12884357,1568214
600592,17.890,2869136,1568214
600271,22.840,25883691,1568214
600236,4.690,5919160,1568214
600490,5.170,29957288,1568214
600119,5.110,2047384,1568214
600277,4.720,32838466,1568214
600223,3.480,1858968,1568214
600282,3.390,26057006,1568214
600091,3.790,675300,1568214
600136,11.840,7821936,1568214
600229,7.330,2281000,1568214
600857,9.300,1262752,1568214
600085,28.190,6317425,1568214
600125,6.240,8539630,1568214
600256,3.430,21421558,1568214
600006,4.870,15629139,1568214
600732,8.760,8011543,1568214
600095,11.590,110093532,1568214
600012,5.660,2865355,1568214
600038,48.680,10595422,1568214
600075,5.030,5016740,1568214
600193,3.610,1936470,1568214
600056,13.670,7739937,1568214
600586,3.000,28964389,1568214
600697,18.160,961769,1568214
600302,4.920,2977643,1568214
600298,28.880,6160099,1568214
600163,3.890,10786430,1568214
600500,5.370,9276376,1568214
600088,15.640,12792311,1568214
600082,4.310,5548430,1568214
600291,9.800,23757029,1568214
600106,3.120,9005564,1568214
600278,12.470,12579472,1568214
600151,5.090,12295096,1568214
600127,5.030,28734001,1568214
600039,3.420,28837790,1568214
600272,8.080,502504,1568214
600248,4.450,2542717,1568214
600108,3.240,21475617,1568214
600640,16.180,42701407,1568214
600221,1.900,49094401,1568214
600310,4.530,5619214,1568214
600658,4.600,3887320,1568214
600115,5.420,28880330,1568214
600316,16.470,21750249,1568214
600583,5.420,10346975,1568214
600260,13.950,30610763,1568214
600252,3.000,14549677,1568214
600110,4.590,22396308,1568214
600063,3.320,17449418,1568214
600015,7.550,18798377,1568214
600318,8.300,16697841,1568214
600448,6.490,10118304,1568214
600090,4.990,74942729,1568214
600132,41.910,1663337,1568214
600681,7.400,7427474,1568214
600289,2.740,3691404,1568214
600187,2.860,7965040,1568214
600603,5.250,4554127,1568214
600433,3.630,10458402,1568214
600190,3.190,3302420,1568214
600567,3.280,82713959,1568214
600117,3.570,4276400,1568214
600050,6.430,342567463,1568214
600097,10.440,1449700,1568214
600165,4.090,10428009,1568214
600777,2.130,66718867,1568214
600027,3.950,17663073,1568214
600197,16.000,10303911,1568214
600249,4.280,6202350,1568214
600408,2.380,5469101,1568214
600057,4.500,6737857,1568214
600609,4.110,8279663,1568214
600033,3.140,4072250,1568214
600373,13.400,4828984,1568214
600292,5.870,3970390,1568214
600064,9.640,11481723,1568214
600612,52.300,2395556,1568214
600185,4.960,2105740,1568214
600268,5.480,14376745,1568214
600239,3.070,11842827,1568214
600167,11.620,4895566,1568214
600172,3.350,20871798,1568214
600051,6.350,3656169,1568214
600053,23.660,8837051,1568214
600576,4.460,4183712,1568214
600026,7.060,11309029,1568214
600129,11.780,10130691,1568214
600238,8.450,1113201,1568214
600209,3.000,4769700,1568214
600594,5.240,7616382,1568214
600028,5.260,90923543,1568214
600219,2.240,37723421,1568214
600120,12.780,9057532,1568214
600216,12.750,26122542,1568214
600305,15.630,16162928,1568214
600054,9.490,3117051,1568214
600081,12.480,18648272,1568214
600202,4.960,3509320,1568214
600036,35.050,60908940,1568214
600218,13.480,59146503,1568214
600258,18.120,9655686,1568214
600116,7.560,7606517,1568214
600103,2.250,20927127,1568214
600068,6.190,39004958,1568214
600169,2.550,9722802,1568214
600575,2.950,23401700,1568214
600231,2.910,6523311,1568214
600021,8.140,4492076,1568214
600251,5.740,3698343,1568214
600525,6.260,31633275,1568214
600428,3.800,6630171,1568214
600257,4.490,4859207,1568214
600485,1.710,279258398,1568214
600196,27.610,23861078,1568214
600584,19.040,93073837,1568214
600340,27.580,6989668,1568214
600104,25.340,17330336,1568214
600220,2.320,6794373,1568214
600444,11.470,402700,1568214
600348,5.480,16310080,1568214
600456,27.990,9432057,1568214
600634,1.820,5285700,1568214
600287,6.460,9078098,1568214
600608,4.470,1296276,1568214
600331,2.840,21224163,1568214
600211,37.600,1931745,1568214
600327,3.630,3017505,1568214
600321,1.790,3304642,1568214
600320,3.570,6587785,1568214
600343,10.470,8039114,1568214
600351,6.240,14685504,1568214
600361,3.920,6332439,1568214
600315,32.990,4893084,1568214
600362,15.000,17125766,1568214
600359,6.900,40074956,1568214
600378,15.570,6290145,1568214
600360,6.200,25699025,1568214
600358,4.050,7152100,1568214
600345,25.360,6048900,1568214
600093,12.880,27688225,1568214
600593,38.740,790670,1568214
600633,9.150,4319365,1568214
600369,4.900,50481349,1568214
600363,13.100,8818799,1568214
600527,2.150,7474014,1568214
600449,9.070,3851800,1568214
600624,9.980,55093258,1568214
600326,7.250,23299299,1568214
600460,16.600,69894876,1568214
600536,81.400,42394235,1568214
600356,8.600,4835789,1568214
600330,7.290,18507168,1568214
600597,11.110,8955403,1568214
600423,3.080,1413800,1568214
600380,9.690,17721828,1568214
600523,15.070,9500807,1568214
600368,5.150,41093322,1568214
600201,17.890,57097963,1568214
600622,4.380,18462241,1568214
600598,10.380,23452083,1568214
600403,3.680,3668533,1568214
600621,14.450,70193101,1568214
600663,14.420,2817414,1568214
600545,6.880,4724367,1568214
600370,3.070,2905450,1568214
600333,5.440,4475901,1568214
600325,7.300,11993271,1568214
600377,10.150,4887673,1568214
600339,3.860,19717801,1568214
600418,5.290,9200822,1568214
600459,17.270,17539066,1568214
600605,11.250,648772,1568214
600606,7.150,20097509,1568214
600336,4.480,4416400,1568214
600350,4.520,3418300,1568214
600421,6.930,1464042,1568214
600354,6.310,60402808,1568214
600367,8.010,2676157,1568214
600422,12.120,44615957,1568214
600353,5.610,6725224,1568214
600355,3.780,12127300,1568214
600400,3.460,3950398,1568214
600529,21.370,5941308,1568214
600313,3.380,41206199,1568214
600729,27.740,2960356,1568214
600620,7.380,2819642,1568214
600346,16.110,27963561,1568214
600319,5.170,3738255,1568214
600929,7.460,5611449,1568214
600728,10.200,31660528,1568214
600335,6.970,5167966,1568214
600312,7.340,5951206,1568214
600352,15.990,187806189,1568214
600301,6.600,453540,1568214
600557,16.790,5357779,1568214
600420,9.010,6401100,1568214
600439,3.410,5424533,1568214
600452,20.380,6362187,1568214
600275,2.340,6152902,1568214
600530,5.410,11758612,1568214
600395,5.360,5998265,1568214
600673,7.930,14741917,1568214
600643,9.490,16503976,1568214
600446,24.550,55838464,1568214
600690,15.850,28470407,1568214
600416,7.310,14827897,1568214
600419,14.370,2789288,1568214
600463,7.870,3129641,1568214
600565,3.620,17679348,1568214
600398,8.380,8613449,1568214
600375,5.260,11546721,1568214
600596,10.400,14129152,1568214
600372,15.510,8964314,1568214
600538,5.040,2964117,1568214
600579,12.040,12621076,1568214
600531,5.230,26771527,1568214
600604,10.310,73438282,1568214
600571,10.470,19436534,1568214
600858,4.990,2270520,1568214
600600,49.460,9391850,1568214
600661,19.440,589000,1568214
600399,2.940,4738863,1568214
600371,14.130,21925773,1568214
600642,5.830,7222311,1568214
600774,12.050,464690,1568214
600415,3.970,8832891,1568214
600391,17.700,9825904,1568214
600654,1.480,6082935,1568214
600540,4.430,9495493,1568214
600462,1.400,8423839,1568214
600599,14.230,14568711,1568214
600569,2.530,12070063,1568214
600461,6.430,6218293,1568214
600405,4.930,4700464,1568214
600537,3.480,4498600,1568214
600730,5.470,7296764,1568214
600665,3.610,2505700,1568214
600458,9.850,20447256,1568214
600435,9.450,17620962,1568214
600652,2.050,6816935,1568214
600660,22.510,8697823,1568214
600676,4.580,3915001,1568214
600475,10.640,2182409,1568214
600737,9.280,15323996,1568214
600546,7.040,22455643,1568214
600649,5.870,8224852,1568214
600476,17.910,7330236,1568214
600381,5.730,3411400,1568214
600482,24.350,5390678,1568214
600438,14.470,24445370,1568214
600637,10.090,12947645,1568214
600543,6.680,4591934,1568214
600577,2.840,23506761,1568214
600549,13.580,15970543,1568214
600694,27.150,1038639,1568214
600674,9.640,4837962,1568214
600651,4.090,16642178,1568214
600578,3.110,5344600,1568214
600733,7.370,31365353,1568214
600392,10.060,32588419,1568214
600562,16.930,8153693,1568214
600807,4.480,3487900,1568214
600736,6.480,16425316,1568214
600477,3.020,8156748,1568214
600820,6.160,9019909,1568214
600686,7.740,6406900,1568214
600909,6.880,38716814,1568214
600555,2.600,14178900,1568214
600483,9.290,2683390,1568214
600671,15.180,8459581,1568214
600746,6.740,4905341,1568214
600868,3.620,34948989,1568214
600139,3.760,12003751,1568214
600693,5.230,7884700,1568214
600406,20.100,15669295,1568214
600787,5.450,6986923,1568214
600867,18.950,21834121,1568214
600703,13.270,146107871,1568214
600498,29.090,21537016,1568214
600581,3.450,14040600,1568214
600528,10.800,5424208,1568214
600388,10.850,6045730,1568214
600436,100.420,4173407,1568214
600228,6.820,743980,1568214
600704,5.680,16361069,1568214
600515,4.490,7356246,1568214
600389,21.130,1794007,1568214
600511,28.550,7274043,1568214
600503,3.480,30751489,1568214
600800,5.920,17776241,1568214
600550,3.540,4473092,1568214
600383,11.730,16044678,1568214
600619,8.830,1888348,1568214
600332,37.560,10771134,1568214
600560,9.320,3052111,1568214
600936,4.360,3191700,1568214
600365,5.080,13460926,1568214
600558,3.410,5680058,1568214
600816,5.300,139654720,1568214
600535,17.580,23905769,1568214
600662,4.910,5852900,1568214
600468,3.740,4935541,1568214
600501,9.780,21873025,1568214
600317,2.690,6858300,1568214
600919,6.920,18967725,1568214
600898,7.900,3066663,1568214
600390,9.610,12087699,1568214
600748,7.030,11653867,1568214
600677,14.800,23975926,1568214
600808,2.770,14110418,1568214
600817,7.460,456800,1568214
600629,9.360,426413,1568214
600489,9.540,36049352,1568214
600664,4.170,23221849,1568214
600790,3.660,4082960,1568214
600657,4.090,4947897,1568214
600588,34.550,18333754,1568214
600615,6.880,700800,1568214
600754,24.550,2841305,1568214
600675,4.690,6271389,1568214
600648,18.650,8639577,1568214
600481,3.500,4950380,1568214
600635,5.320,41782672,1568214
600685,19.370,20578164,1568214
600753,17.690,2080801,1568214
600789,6.820,30316626,1568214
600551,8.570,4534269,1568214
600379,5.860,2029281,1568214
600706,9.370,1291420,1568214
600865,6.040,1989592,1568214
600928,7.770,43772712,1568214
600860,6.460,12843694,1568214
600653,2.250,10578080,1568214
600861,9.590,1990801,1568214
600708,3.830,20368250,1568214
600819,4.620,2507900,1568214
600804,7.490,48380710,1568214
600547,37.650,53452920,1568214
600227,2.760,11680372,1568214
600689,10.490,2953615,1568214
600866,4.930,6671171,1568214
600496,2.820,10663200,1568214
600590,6.610,10036620,1568214
600580,9.100,10201931,1568214
600639,14.180,2205883,1568214
600775,12.640,30170908,1568214
600533,3.470,9043379,1568214
600455,27.720,829400,1568214
600814,5.180,1783523,1568214
600552,5.470,19667182,1568214
600309,46.500,13750067,1568214
600226,3.360,92044229,1568214
600618,7.950,5237800,1568214
600559,12.600,24206810,1568214
600743,2.480,4191630,1568214
600510,6.390,5652560,1568214
600487,16.240,30065705,1568214
600783,14.880,12822367,1568214
600507,9.090,19540285,1568214
600387,7.650,9070338,1568214
600731,6.800,12386892,1568214
600495,4.440,8700151,1568214
600502,4.470,5456604,1568214
600900,18.650,21286760,1568214
600526,4.990,2412823,1568214
600784,5.280,2237900,1568214
600644,6.070,2140971,1568214
600687,2.040,4300872,1568214
600702,27.630,13451212,1568214
600698,2.850,5626601,1568214
600585,42.290,19797759,1568214
600426,16.330,15409009,1568214
600696,11.820,1176300,1568214
600570,80.850,22715740,1568214
600749,11.370,3330918,1568214
600744,2.840,14094976,1568214
600805,5.570,7242980,1568214
600470,5.140,33819241,1568214
600734,9.500,19769427,1568214
600768,11.460,2736735,1568214
600587,16.890,9910396,1568214
600781,5.730,69481391,1568214
600636,10.460,5416283,1568214
600810,8.310,8207694,1568214
600323,18.290,3246653,1568214
600488,4.430,4937492,1568214
600856,2.600,18361322,1568214
600738,6.240,11035305,1568214
600742,12.370,3148522,1568214
600859,15.180,3214632,1568214
600311,4.350,25378757,1568214
600740,8.120,13126320,1568214
600376,8.060,7079225,1568214
600595,1.460,3800000,1568214
600655,8.720,4403400,1568214
600497,4.760,20713416,1568214
600647,20.730,8160296,1568214
601375,5.300,39165269,1568214
600684,3.820,4009820,1568214
600572,6.780,70193969,1568214
600628,7.720,1450900,1568214
600815,3.050,1909100,1568214
600062,13.760,14928024,1568214
600322,3.430,5045649,1568214
600505,7.050,2360464,1568214
600873,4.550,41204600,1568214
600823,4.250,6443517,1568214
600824,3.630,3399608,1568214
600745,71.400,33469203,1568214
600614,1.240,35668905,1568214
600486,52.680,2611041,1568214
600755,7.860,12597935,1568214
600870,3.610,5269400,1568214
600791,3.930,2977029,1568214
600512,2.830,18918315,1568214
600778,5.110,2490842,1568214
600796,5.500,1685906,1568214
600827,9.170,3799587,1568214
600479,9.660,5182600,1568214
600756,23.880,16774710,1568214
600668,14.140,9889585,1568214
600826,11.690,4398825,1568214
600896,4.200,2616193,1568214
600623,7.630,7350213,1568214
600683,4.270,3063301,1568214
600933,10.590,3837562,1568214
600795,2.500,40686298,1568214
600792,3.560,16770300,1568214
600926,8.500,23997690,1568214
600821,5.690,43206066,1568214
600833,10.060,1440641,1568214
600397,2.440,6409032,1568214
600516,11.910,70600675,1568214
600828,4.940,3213813,1568214
600711,5.670,51670342,1568214
600429,5.800,2742643,1568214
600714,6.160,1138126,1568214
600493,6.020,1656400,1568214
600518,3.560,51653678,1568214
600517,7.720,41293010,1568214
600713,4.470,4726800,1568214
600705,5.070,46280501,1568214
600798,3.760,6851200,1568214
600779,46.250,4889123,1568214
600712,4.350,4002000,1568214
600960,3.660,6092068,1568214
600981,3.930,9645590,1568214
600513,7.280,3724064,1568214
600961,9.700,1308900,1568214
600780,3.540,3333995,1568214
601222,4.630,14481824,1568214
600793,18.560,4271052,1568214
600963,4.640,28824846,1568214
600983,5.320,1831300,1568214
601218,2.960,7122382,1568214
600520,12.330,2061800,1568214
600741,24.860,14084312,1568214
600872,39.700,4984258,1568214
600982,3.190,3200400,1568214
300541,17.920,5425893,1568214
600548,10.140,5221862,1568214
600882,15.270,3085000,1568214
600573,7.080,2073959,1568214
601226,4.380,4084907,1568214
600835,17.990,5830343,1568214
600601,3.660,23033896,1568214
600561,6.250,1261580,1568214
600582,3.480,17224699,1568214
600822,11.620,12705512,1568214
600701,2.330,8502965,1568214
600917,6.830,1848583,1568214
600869,4.890,28948020,1568214
600862,11.270,23614892,1568214
601228,3.980,6316900,1568214
600984,8.600,10401732,1568214
600773,6.080,5358914,1568214
600985,10.600,3284284,1568214
600751,3.230,28980163,1568214
600871,2.390,17806600,1568214
600650,10.850,1666154,1568214
600885,25.450,3919165,1568214
600691,2.510,18529347,1568214
600519,1069.520,8171654,1568214
600765,11.120,17448308,1568214
600666,1.910,18082241,1568214
600611,4.260,9759602,1568214
600782,4.710,22901358,1568214
600886,9.300,17542239,1568214
600958,11.210,54827705,1568214
600771,17.850,8722845,1568214
600888,4.980,9735761,1568214
600875,10.150,25877698,1568214
600811,3.560,40372236,1568214
600613,7.430,8270359,1568214
600889,4.970,2476649,1568214
600727,7.070,7131210,1568214
600989,10.810,34643619,1568214
600874,7.630,5390533,1568214
600939,5.030,5622104,1568214
600884,11.500,14309290,1568214
601258,1.120,7802300,1568214
600841,7.640,1003700,1568214
600975,10.900,19462111,1568214
600864,7.480,68153805,1568214
600844,4.320,17233592,1568214
600908,5.490,8063666,1568214
600382,7.260,2452769,1568214
600506,11.920,1780276,1568214
601718,4.050,24915151,1568214
600988,5.540,42571900,1568214
600976,17.910,1310866,1568214
600837,15.670,214646282,1568214
600970,6.310,19783636,1568214
600836,4.120,6186756,1568214
600971,6.040,24605166,1568214
600967,11.600,19375832,1568214
600901,6.580,73877633,1568214
600725,2.970,2158027,1568214
600848,27.410,6746222,1568214
600903,13.780,19892305,1568214
600480,8.070,6292785,1568214
603020,8.100,2268210,1568214
600979,4.180,1911977,1568214
600992,7.550,2951200,1568214
600721,5.800,1012200,1568214
600425,3.950,22377764,1568214
601311,10.250,12654504,1568214
601233,13.650,25933740,1568214
601766,7.670,61163150,1568214
603180,61.190,1140700,1568214
600385,7.930,394900,1568214
603022,8.370,822000,1568214
600996,10.450,20852007,1568214
600879,6.660,32740734,1568214
600469,5.630,12062522,1568214
600386,4.110,6538075,1568214
600508,9.330,2528585,1568214
601777,4.080,107372934,1568214
600851,6.880,1626701,1568214
601236,19.070,86382288,1568214
600847,11.800,545734,1568214
600710,6.170,40299541,1568214
600328,8.180,6012900,1568214
601225,9.130,18733242,1568214
600763,93.500,3751970,1568214
601319,9.160,45373331,1568214
600720,9.370,14222257,1568214
603169,7.530,55655180,1568214
600761,9.770,7213762,1568214
600881,3.170,11409919,1568214
603179,14.000,4597352,1568214
601799,69.920,1785005,1568214
600717,6.360,3839185,1568214
600723,6.380,1597200,1568214
601788,12.310,51847897,1568214
600993,17.740,5861767,1568214
600638,7.420,1920866,1568214
600722,5.550,9863618,1568214
600887,29.730,58738428,1568214
600891,1.510,6054175,1568214
600978,3.520,11929316,1568214
600830,6.390,15557252,1568214
600843,8.060,2335552,1568214
600834,7.190,1727136,1568214
600877,6.290,3960073,1568214
600846,8.610,12338683,1568214
600707,5.170,12484894,1568214
600892,5.300,3846776,1568214
600699,17.010,17035363,1568214
603178,10.760,2713773,1568214
601808,12.600,9609772,1568214
600757,6.640,7059600,1568214
600764,33.410,1864903,1568214
600990,56.400,4565405,1568214
603028,10.700,1150344,1568214
600009,82.200,14463664,1568214
600969,6.900,4875490,1568214
600243,4.370,1229301,1568214
601238,12.270,8657688,1568214
600986,4.080,20359285,1568214
601727,5.330,14747297,1568214
601000,2.610,20580363,1568214
600962,8.660,1865400,1568214
601288,3.520,270219081,1568214
601717,6.890,98967588,1568214
600758,5.580,99852177,1568214
600802,7.760,4980729,1568214
600883,7.110,1331200,1568214
603018,12.370,3544837,1568214
600997,5.840,10283300,1568214
600716,4.090,4503292,1568214
601298,7.990,23762011,1568214
600973,3.910,9265877,1568214
600838,6.720,2109210,1568214
603023,4.670,1164787,1568214
600718,12.300,19239998,1568214
600522,8.960,38011817,1568214
600715,3.570,6328800,1568214
601326,3.320,5703842,1568214
600812,8.310,116194407,1568214
600965,9.070,7344000,1568214
600977,14.830,5748538,1568214
600801,19.960,11747462,1568214
600521,17.390,18613867,1568214
603019,38.380,34953619,1568214
600897,21.840,2569429,1568214
600017,3.060,13541214,1568214
601798,6.500,679810,1568214
600337,3.990,8666651,1568214
600261,4.250,14842846,1568214
600719,5.440,3279800,1568214
603026,35.190,8889291,1568214
600966,4.060,16009444,1568214
603025,9.110,3900798,1568214
603323,5.400,17923401,1568214
601789,3.900,7507900,1568214
600760,36.020,20685275,1568214
600767,5.430,2635760,1568214
603021,7.660,3493453,1568214
601009,8.340,38010400,1568214
603687,20.400,22256777,1568214
601328,5.640,101962796,1568214
600893,24.450,9487811,1568214
603042,15.940,7344012,1568214
603032,27.680,7239399,1568214
603328,13.230,23049286,1568214
601377,6.790,85627698,1568214
601012,27.620,32698746,1568214
601877,23.650,6766783,1568214
603181,16.190,6780138,1568214
603335,5.790,37557862,1568214
601882,8.300,2179033,1568214
601028,4.680,2837620,1568214
601890,6.540,31369314,1568214
603056,14.060,5465772,1568214
603200,26.620,767195,1568214
601566,11.630,1829960,1568214
600855,14.870,10163523,1568214
603183,11.760,4343843,1568214
600854,3.870,2657717,1568214
601058,4.170,39702568,1568214
603586,17.420,3046685,1568214
603589,60.200,7821687,1568214
601985,5.510,18151075,1568214
603192,27.310,1058442,1568214
601333,3.230,22176614,1568214
603588,10.220,4708313,1568214
600894,8.350,4755196,1568214
603027,22.410,7727142,1568214
600078,5.840,57771678,1568214
603043,31.780,4528354,1568214
601336,51.680,13943641,1568214
601860,6.800,22539118,1568214
600987,6.450,6524576,1568214
601002,6.480,10623200,1568214
603332,26.720,1637202,1568214
600895,16.730,15898459,1568214
603188,6.840,1106800,1568214
603189,18.320,6753547,1568214
601229,9.280,34001560,1568214
000981,1.540,15776700,1568214
600156,4.760,5388328,1568214
601231,14.700,30102715,1568214
600645,20.080,5541546,1568214
603035,9.170,2578079,1568214
603177,12.270,7660044,1568214
603327,30.880,8390100,1568214
603567,12.470,3931069,1568214
603038,14.900,1475400,1568214
601019,7.670,6090807,1568214
601558,1.170,16348604,1568214
603569,10.820,438082,1568214
603197,20.350,3018722,1568214
601515,7.910,15149886,1568214
603580,12.780,704701,1568214
603338,54.410,2242522,1568214
603336,17.060,7752298,1568214
000912,5.570,24375601,1568214
600890,5.200,5645484,1568214
603039,68.770,1236941,1568214
603590,42.020,2554782,1568214
603060,22.810,2167537,1568214
603203,23.760,1059506,1568214
601881,11.960,63437055,1568214
601369,6.600,3463600,1568214
601555,10.510,78897019,1568214
603214,38.900,878072,1568214
601519,9.420,268534919,1568214
603337,21.140,2357926,1568214
603059,25.690,2068240,1568214
600839,2.940,74232311,1568214
601886,7.720,5332300,1568214
603033,18.270,1602361,1568214
601021,43.530,3131404,1568214
000668,15.590,1167740,1568214
601066,25.500,95598923,1568214
603185,27.160,2037873,1568214
603208,36.920,817669,1568214
601068,6.350,23495375,1568214
603067,6.430,9662524,1568214
601880,2.070,27303613,1568214
601388,2.000,30260130,1568214
601366,5.820,3852700,1568214
601020,10.270,6490120,1568214
603037,17.890,1048877,1568214
601888,91.110,10940851,1568214
601606,15.130,14287932,1568214
000795,7.320,123379275,1568214
002196,5.760,2766236,1568214
002118,7.130,140346486,1568214
002003,6.290,5883789,1568214
603068,130.010,6162694,1568214
000777,13.820,6918280,1568214
603882,49.400,5713349,1568214
002572,18.930,8689785,1568214
603220,29.960,8994783,1568214
603358,13.680,1697243,1568214
603078,28.340,3657612,1568214
002222,11.820,10009939,1568214
603601,7.520,4232420,1568214
601579,8.550,2307400,1568214
601908,3.310,13568712,1568214
600300,3.300,37220059,1568214
601577,8.990,10166410,1568214
002320,8.570,11005201,1568214
000042,9.640,1245234,1568214
601339,4.040,3649100,1568214
601368,6.060,1749200,1568214
603599,14.860,3156044,1568214
601898,5.140,14184201,1568214
601900,9.170,2286342,1568214
603036,12.360,2242210,1568214
603226,29.990,1283274,1568214
601595,21.000,3096731,1568214
601086,5.250,4458600,1568214
603031,16.030,718957,1568214
002432,5.660,12880552,1568214
002033,6.020,2985340,1568214
601899,3.560,155344511,1568214
603583,36.050,4889516,1568214
600724,3.500,1618301,1568214
002327,6.900,2559802,1568214
002206,3.850,5337596,1568214
600968,3.360,87487042,1568214
601006,7.780,19996833,1568214
601008,4.420,15798276,1568214
601088,19.530,9199843,1568214
002213,9.830,19173595,1568214
603888,23.000,14358445,1568214
601858,12.400,8628043,1568214
000921,11.910,8299043,1568214
603339,15.380,1667062,1568214
603066,7.740,8272600,1568214
603326,11.740,2439260,1568214
000006,5.500,9977402,1568214
601010,3.250,6591521,1568214
603578,19.680,652410,1568214
601857,6.320,54298036,1568214
000680,3.750,9966429,1568214
601069,16.980,31099480,1568214
603348,17.650,1956454,1568214
603218,22.590,2175874,1568214
000673,3.210,21526100,1568214
601567,6.630,6545400,1568214
600726,1.740,3355294,1568214
603055,7.070,2089120,1568214
603199,25.750,1110884,1568214
601677,10.960,2526244,1568214
601878,9.390,63095144,1568214
601518,2.740,3509331,1568214
002312,3.930,23018621,1568214
000005,3.480,22065064,1568214
603222,48.450,11687965,1568214
000819,8.790,2413846,1568214
603598,8.040,2232500,1568214
603596,15.620,7725187,1568214
603351,35.630,1121606,1568214
002066,8.220,1449700,1568214
601588,3.470,15803030,1568214
002668,6.360,130064076,1568214
603077,1.650,80676299,1568214
603355,22.810,1688971,1568214
002765,5.560,4741856,1568214
002090,11.800,13663579,1568214
002566,6.700,2596800,1568214
601101,5.770,5444881,1568214
002677,13.890,3709055,1568214
603069,6.460,1472600,1568214
000825,4.090,19562848,1568214
002563,11.610,4720239,1568214
002082,9.710,1873522,1568214
603076,23.980,418300,1568214
000078,3.580,21149173,1568214
603360,33.100,1505100,1568214
603860,28.370,302400,1568214
002577,10.420,2885405,1568214
000153,6.490,3385404,1568214
000529,6.680,7342889,1568214
002335,19.210,3036612,1568214
601919,4.910,15276795,1568214
002359,2.280,21046703,1568214
601928,8.760,10153284,1568214
603229,13.510,1415192,1568214
603600,11.010,3783855,1568214
601901,7.200,31059604,1568214
603359,16.470,765632,1568214
603602,22.900,7574790,1568214
601106,3.170,15808400,1568214
603869,13.010,4895398,1568214
603603,12.610,8897200,1568214
002235,8.180,30467792,1568214
002447,3.440,39389702,1568214
002229,7.000,15131256,1568214
603081,11.710,1359211,1568214
000766,7.950,29876635,1568214
002101,6.960,2349600,1568214
600213,10.600,21262369,1568214
601099,3.750,213786801,1568214
002456,10.730,165180669,1568214
000637,4.770,8713200,1568214
601108,10.810,107117026,1568214
000520,4.250,9935950,1568214
002584,5.130,22564135,1568214
000895,23.470,14374562,1568214
603080,17.900,3007051,1568214
601933,9.300,41579955,1568214
601100,36.440,5038070,1568214
002102,2.250,15515200,1568214
601600,3.800,49612701,1568214
601098,13.070,12903073,1568214
601918,3.050,13198186,1568214
601599,3.020,5145571,1568214
002650,3.790,28515186,1568214
002349,5.690,6637183,1568214
002238,8.770,8089826,1568214
002698,10.280,10559508,1568214
002268,31.830,14321717,1568214
002452,4.300,5899100,1568214
002881,35.520,7202012,1568214
603079,38.550,524060,1568214
600845,36.160,5724755,1568214
601607,19.080,12478900,1568214
300638,72.730,5034149,1568214
300624,62.200,2753078,1568214
002805,12.270,2834319,1568214
002714,69.800,28381958,1568214
002123,17.830,48113825,1568214
002705,12.410,3135784,1568214
002521,5.650,12777934,1568214
603363,21.680,8697300,1568214
002128,8.630,6430928,1568214
002733,24.200,34395043,1568214
002605,12.220,4302304,1568214
002380,16.090,3501269,1568214
002489,3.500,13546888,1568214
002382,14.260,7165709,1568214
002782,11.160,2884450,1568214
002875,17.750,1710454,1568214
002287,21.820,1011276,1568214
603606,12.270,10124849,1568214
002150,5.550,1715868,1568214
002056,7.180,30943227,1568214
300645,16.070,3168890,1568214
002402,14.420,51479919,1568214
601949,7.370,35208592,1568214
002808,10.300,16405594,1568214
603605,77.300,2446880,1568214
002737,15.440,3037304,1568214
000554,5.350,4820187,1568214
002289,7.300,3278522,1568214
000037,14.240,3128484,1568214
603377,16.910,1559830,1568214
002901,43.850,2744706,1568214
300670,9.590,4459846,1568214
002644,6.960,3117701,1568214
601628,29.280,11040623,1568214
002639,10.140,76850567,1568214
603612,11.480,3419369,1568214
002263,1.820,13454826,1568214
601966,20.990,7732292,1568214
603609,13.670,10553483,1568214
603093,14.950,262023,1568214
601117,5.940,15300975,1568214
601666,4.030,14986180,1568214
603089,13.350,1048150,1568214
002797,6.910,145844772,1568214
603256,22.640,28651228,1568214
601633,8.430,13069565,1568214
603368,37.600,3391800,1568214
603369,28.560,14473314,1568214
603227,4.110,5458769,1568214
601618,2.970,75180412,1568214
002159,14.880,1224100,1568214
002829,22.470,1705300,1568214
603238,17.600,963300,1568214
601952,7.110,12440478,1568214
603090,16.350,1318221,1568214
002494,5.220,2115204,1568214
603236,165.550,3245549,1568214
603096,58.920,301933,1568214
300087,8.150,2420948,1568214
000758,4.820,25790714,1568214
000927,3.850,18083741,1568214
603616,9.140,1878100,1568214
002482,5.120,7060860,1568214
002539,4.810,7081550,1568214
300010,9.710,15170479,1568214
601988,3.660,101453382,1568214
002627,7.160,1179179,1568214
002852,13.850,1496009,1568214
603379,40.380,3847373,1568214
603615,9.450,2083216,1568214
601668,5.760,83376919,1568214
002426,2.940,99918940,1568214
000932,4.320,37782244,1568214
601975,3.130,50857817,1568214
300685,56.720,1919656,1568214
002538,5.250,6878910,1568214
002657,18.720,24196050,1568214
601118,4.800,17118350,1568214
000023,14.370,4245940,1568214
300019,8.440,16430398,1568214
603880,10.000,1889236,1568214
603608,6.540,2868585,1568214
002182,9.300,21137665,1568214
300096,9.020,12948764,1568214
603385,9.650,1662071,1568214
300672,46.270,14190993,1568214
000557,3.580,12812270,1568214
601138,15.210,60017130,1568214
000698,4.130,6852128,1568214
002861,24.540,1481660,1568214
601669,4.900,14957801,1568214
002862,20.700,1941305,1568214
300695,53.060,203800,1568214
603259,80.850,9658485,1568214
603393,23.190,1928159,1568214
603278,11.030,6208443,1568214
603268,17.060,2451480,1568214
601163,13.410,3094718,1568214
300041,10.700,11002797,1568214
603626,8.010,4390669,1568214
603689,10.970,2751964,1568214
601997,8.700,12826934,1568214
002939,17.310,96049471,1568214
601678,6.060,40840376,1568214
603628,8.170,2053400,1568214
603105,8.470,43770964,1568214
601991,2.780,9305725,1568214
300218,7.620,1973568,1568214
300159,4.870,14022880,1568214
002863,6.050,11104994,1568214
601700,6.260,30301017,1568214
002547,10.590,71152129,1568214
601992,3.530,18911413,1568214
603101,6.530,2335660,1568214
002855,12.040,6418898,1568214
002019,13.620,14019228,1568214
601139,6.210,4843960,1568214
603618,6.270,12020038,1568214
601989,6.040,97019000,1568214
601968,4.410,3331700,1568214
002902,29.000,12299098,1568214
000687,8.100,13626700,1568214
603378,13.150,1816655,1568214
002936,4.920,10698150,1568214
002930,15.110,8050488,1568214
300098,7.870,50258152,1568214
000812,3.650,19312819,1568214
603260,30.940,2574445,1568214
603387,25.060,4891818,1568214
002017,17.290,110374007,1568214
603100,9.020,1353300,1568214
000938,34.900,13611835,1568214
000809,2.410,3630900,1568214
603398,9.630,2600060,1568214
002058,14.050,1709026,1568214
603388,7.480,1769900,1568214
603396,20.520,1761855,1568214
603630,13.770,1770602,1568214
300217,2.790,23274480,1568214
601996,3.080,8002100,1568214
601155,25.700,18460948,1568214
603269,14.530,1038000,1568214
603116,7.350,745000,1568214
601166,17.810,55878006,1568214
603106,11.030,30788349,1568214
603663,14.710,3127000,1568214
603298,12.340,1472170,1568214
300706,26.980,9542750,1568214
601998,5.820,17804048,1568214
603389,7.180,3542864,1568214
300061,9.310,14214732,1568214
603703,14.750,1662950,1568214
603909,19.790,1318642,1568214
603305,25.740,4387580,1568214
603508,62.030,1900606,1568214
603727,17.600,1666622,1568214
603319,16.660,507724,1568214
603690,24.210,6259803,1568214
603707,34.450,5157024,1568214
601198,11.730,28140870,1568214
603655,19.120,1147067,1568214
000157,5.970,38776641,1568214
603637,16.960,1326860,1568214
601169,5.520,80391571,1568214
603698,13.250,3582868,1568214
603657,25.290,1175400,1568214
603696,9.870,3419776,1568214
603118,13.130,35665388,1568214
603416,29.330,1492632,1568214
603297,35.540,2080305,1568214
300108,4.680,15127963,1568214
603656,15.770,1109176,1568214
603633,9.650,3505273,1568214
603308,12.890,29102993,1568214
603617,15.120,2522260,1568214
601216,3.230,65635157,1568214
603920,18.520,16328460,1568214
603676,12.080,3564400,1568214
603121,18.240,5911149,1568214
603638,25.950,734084,1568214
603012,11.910,14333602,1568214
603711,33.270,2610320,1568214
603501,107.000,4637493,1568214
603506,18.470,1764703,1568214
000595,4.290,96313787,1568214
603138,17.160,4712378,1568214
603005,23.070,16160941,1568214
000301,5.420,5309691,1568214
000403,30.630,1378349,1568214
601689,11.900,4886271,1568214
603528,7.620,2872300,1568214
603535,18.470,934000,1568214
603636,11.450,6999092,1568214
603739,32.720,16267137,1568214
603755,46.380,9711931,1568214
000703,13.340,10571081,1568214
603701,14.830,25611478,1568214
000702,6.940,20207075,1568214
603533,15.970,5131828,1568214
000587,2.330,30732800,1568214
603660,13.060,7512616,1568214
000707,2.700,2315100,1568214
603929,15.630,1509400,1568214
603757,15.830,2547340,1568214
603306,13.460,863890,1568214
603683,13.460,984800,1568214
603737,63.520,836248,1568214
603668,8.650,8176220,1568214
000830,10.880,56774553,1568214
603936,24.990,21921374,1568214
603693,11.340,3431302,1568214
603666,67.990,1159288,1568214
603518,7.960,2035980,1568214
601168,5.970,16444776,1568214
603725,7.690,2210300,1568214
000159,7.560,51701911,1568214
603919,15.090,2443714,1568214
603766,3.870,11649439,1568214
300557,28.750,721900,1568214
603708,25.150,2479403,1568214
603456,12.780,17214410,1568214
603520,32.170,2208739,1568214
603917,10.850,2167220,1568214
601199,3.910,3045257,1568214
603488,8.630,1659900,1568214
603316,9.770,672200,1568214
603659,52.480,1565967,1568214
603127,60.040,3094109,1568214
300075,12.680,13529303,1568214
603309,16.540,6025037,1568214
603718,12.930,9455020,1568214
603713,34.160,540700,1568214
603110,15.410,2799820,1568214
601186,9.920,49083672,1568214
603139,17.280,749651,1568214
603267,61.000,4119499,1568214
603128,7.450,34605340,1568214
000592,3.050,34103449,1568214
601179,3.660,5887189,1568214
603730,25.560,573726,1568214
603677,12.280,2278116,1568214
000705,6.700,1887162,1568214
603738,22.100,8183226,1568214
603915,16.340,7539301,1568214
300118,13.020,20047224,1568214
000591,3.330,12189380,1568214
300127,21.790,16719569,1568214
603937,11.360,2693800,1568214
603767,7.610,3366046,1568214
000833,5.700,6825359,1568214
603320,18.390,1781700,1568214
000708,16.440,7583745,1568214
603519,16.240,981377,1568214
603758,6.140,4808000,1568214
000831,14.910,51220209,1568214
603515,29.020,3080695,1568214
300387,10.240,1707561,1568214
603318,27.000,7474142,1568214
603013,14.780,3787255,1568214
000585,1.960,3309232,1568214
603167,9.330,2233900,1568214
300164,5.380,5532900,1568214
000957,7.270,15515450,1568214
000720,4.700,6438980,1568214
300567,51.060,6984243,1568214
000955,4.240,8349984,1568214
000417,4.670,4588300,1568214
300004,4.750,7465800,1568214
000852,6.810,11980255,1568214
000598,4.750,7874500,1568214
000838,3.300,5014650,1568214
000717,4.030,14786068,1568214
603555,4.620,4191313,1568214
603530,24.550,10802317,1568214
000716,3.640,19608136,1568214
603558,8.950,3386900,1568214
000415,3.900,31049924,1568214
603797,13.260,15640581,1568214
603790,16.440,4482133,1568214
000416,6.140,23080181,1568214
000709,2.640,23780102,1568214
000836,3.970,22317737,1568214
000715,11.170,1443088,1568214
000601,5.760,6334211,1568214
000600,5.890,10032212,1568214
603963,13.620,8448509,1568214
000603,16.010,29952264,1568214
000710,34.240,3541523,1568214
603778,4.850,3810625,1568214
603556,18.790,6869286,1568214
603958,7.590,744942,1568214
603959,13.140,9284008,1568214
000711,5.180,10670692,1568214
300471,10.490,37385835,1568214
603787,20.810,1723951,1568214
000413,5.140,138924186,1568214
603777,12.900,5570752,1568214
000409,5.890,6223901,1568214
000599,4.890,37341546,1568214
000713,10.420,50631530,1568214
603557,8.410,4538400,1568214
000402,7.810,5916406,1568214
603536,11.830,7270100,1568214
300453,7.460,4128661,1568214
000411,13.790,1879296,1568214
603538,21.650,3098853,1568214
000597,12.370,5873664,1568214
300407,7.820,2492600,1568214
300467,17.230,6159202,1568214
000408,9.660,18005613,1568214
603938,18.250,2779320,1568214
000633,4.710,10176402,1568214
603828,6.090,6215885,1568214
603823,22.010,3833796,1568214
000509,2.720,16206670,1568214
603855,8.940,1245500,1568214
000985,14.800,875414,1568214
603861,9.230,1050999,1568214
000505,6.060,8322100,1568214
000729,6.120,13117794,1568214
603987,8.000,7707920,1568214
000726,9.340,3108638,1568214
000628,10.150,6172116,1568214
000757,4.690,7748800,1568214
000622,5.510,48415906,1568214
000762,7.480,3659689,1568214
603822,24.800,486556,1568214
000972,2.700,5295480,1568214
000878,10.750,22905316,1568214
000759,7.300,1850936,1568214
000782,4.000,3164538,1568214
603993,3.770,100595886,1568214
000860,49.200,11742538,1568214
000969,7.710,25520883,1568214
000001,14.560,81861421,1568214
000610,11.170,18269999,1568214
000507,5.770,5320500,1568214
000888,6.240,3986237,1568214
000501,10.390,2622184,1568214
603859,26.810,5191800,1568214
000635,8.210,2540107,1568214
603982,23.300,15088409,1568214
000882,2.290,15128510,1568214
000513,28.300,13952819,1568214
000887,9.780,9997074,1568214
000636,14.710,61381096,1568214
603991,19.900,642100,1568214
000968,11.190,2894938,1568214
603868,37.110,741179,1568214
603983,53.070,6456437,1568214
000627,7.340,11234902,1568214
000893,7.360,1239403,1568214
000898,3.330,20031731,1568214
000883,4.150,3931459,1568214
000906,6.340,9224862,1568214
000892,4.860,9253121,1568214
603867,29.560,5484744,1568214
603838,9.030,888000,1568214
000880,8.040,1896170,1568214
001896,3.830,22274017,1568214
000430,5.500,2618896,1568214
000983,6.180,38400786,1568214
000002,26.910,35039786,1568214
000623,16.640,10753479,1568214
000504,9.380,1802502,1568214
000971,2.170,7786502,1568214
000982,1.620,5282500,1568214
000423,32.540,4527181,1568214
603996,5.280,3442100,1568214
603871,33.510,2763858,1568214
000960,11.080,15172173,1568214
000755,4.300,3360100,1568214
000606,6.200,7609753,1568214
000976,0.000,0,1568214
002018,0.000,0,1568214
603980,9.230,12302666,1568214
000712,13.450,29004473,1568214
000806,2.250,10292680,1568214
000518,3.450,8986610,1568214
000667,2.870,14367232,1568214
603896,33.760,1465600,1568214
603825,13.370,4744385,1568214
000926,6.660,5538000,1568214
000961,7.920,19091495,1568214
603897,19.610,1147053,1568214
002051,10.530,8774880,1568214
000728,9.160,30389107,1568214
000663,6.120,5975600,1568214
000797,3.490,3548051,1568214
000031,6.850,16182115,1568214
603979,8.700,3014105,1568214
000552,2.620,11533100,1568214
000666,13.290,17936618,1568214
000967,6.970,7253893,1568214
000923,15.530,2248300,1568214
002028,11.480,23420467,1568214
000802,9.630,10957924,1568214
001979,20.090,10746084,1568214
603970,13.420,1468250,1568214
000790,4.540,22882518,1568214
002048,14.650,19321933,1568214
000801,6.090,6864723,1568214
000998,13.040,16201344,1568214
000620,4.370,5657070,1568214
001872,18.050,2167573,1568214
000672,13.170,14258607,1568214
000931,8.680,11257002,1568214
000863,4.890,3239377,1568214
001696,6.210,17869171,1568214
000911,6.010,2524910,1568214
000792,7.270,33150040,1568214
000929,7.520,1237000,1568214
000537,6.750,6774126,1568214
000779,12.200,2236816,1568214
000010,3.420,1031200,1568214
000029,0.000,0,1568214
603779,14.600,1287400,1568214
603889,6.200,2786383,1568214
603881,39.370,4678725,1568214
002014,7.210,2189126,1568214
000785,10.240,3436400,1568214
000547,12.250,46545878,1568214
000670,2.150,19213475,1568214
000012,4.310,10024422,1568214
000800,8.880,8820500,1568214
000949,3.520,22928791,1568214
000963,28.860,22273374,1568214
000536,3.220,145877678,1568214
000419,4.430,1967155,1568214
000671,6.020,14568858,1568214
000799,31.330,24149170,1568214
603878,10.210,3794098,1568214
000889,9.870,9108098,1568214
000778,4.090,14064802,1568214
603886,20.910,5404431,1568214
000429,7.600,2492336,1568214
000045,8.010,12422421,1568214
000548,4.380,3408101,1568214
000910,12.070,11490586,1568214
000669,4.360,20913803,1568214
000014,10.580,4543276,1568214
000786,18.730,8264233,1568214
000791,3.880,10050714,1568214
000909,7.860,4443457,1568214
000521,3.500,11075668,1568214
000676,6.610,16208741,1568214
000875,2.990,34300387,1568214
000150,5.820,78924095,1568214
000533,2.760,9326000,1568214
000997,18.050,13824940,1568214
000925,6.910,6709995,1568214
000017,5.310,17747192,1568214
603885,13.150,4636071,1568214
000859,5.140,52252244,1568214
000011,10.510,4888200,1568214
000903,2.710,12242700,1568214
000767,2.640,4929400,1568214
002009,8.510,4285310,1568214
002002,5.010,67688726,1568214
001965,8.120,2695043,1568214
000539,3.990,2126020,1568214
000545,3.370,10535873,1568214
000639,5.500,5540580,1568214
000426,6.150,36888395,1568214
603879,7.640,2264829,1568214
000683,2.460,28575342,1568214
000996,14.030,25005616,1568214
000919,7.760,4028101,1568214
000525,11.850,3121376,1568214
000776,14.690,56097204,1568214
000021,13.100,122143534,1568214
603803,14.910,13353243,1568214
000990,16.900,25246057,1568214
000686,8.920,42865195,1568214
000532,10.280,3433600,1568214
000780,3.230,5259846,1568214
603998,8.640,55174278,1568214
002060,3.070,4531089,1568214
603890,10.560,9728965,1568214
000652,3.800,9421928,1568214
000788,6.730,8991700,1568214
603901,8.140,5935167,1568214
000651,58.700,31035493,1568214
603883,69.510,2670011,1568214
000768,17.560,27920021,1568214
002045,6.760,17580500,1568214
002183,4.630,38407391,1568214
002012,5.250,49471807,1568214
000526,26.130,685966,1568214
000551,6.830,3139050,1568214
603997,8.300,2782494,1568214
000534,10.190,3841080,1568214
000688,10.240,4434296,1568214
002054,8.450,31819603,1568214
002004,4.990,7952970,1568214
000004,20.050,628400,1568214
002001,22.390,26943594,1568214
002310,5.460,28489373,1568214
000900,4.620,6011171,1568214
000659,2.850,4649390,1568214
000901,12.880,12101836,1568214
000966,5.310,8312755,1568214
000679,3.930,2544804,1568214
002047,5.430,17233002,1568214
000550,16.700,5391637,1568214
000753,3.100,6682168,1568214
000538,76.510,6649482,1568214
603985,17.300,2203076,1568214
002053,7.400,1283041,1568214
603967,17.840,4190300,1568214
002052,5.060,45227620,1568214
000733,17.960,11053439,1568214
000558,3.790,14828450,1568214
603877,14.220,965030,1568214
603813,18.290,637841,1568214
000736,6.760,2024760,1568214
000692,2.930,5068508,1568214
603829,10.500,1324100,1568214
000524,7.830,2507581,1568214
000420,2.440,7590300,1568214
603819,14.940,1945728,1568214
000980,3.870,26866706,1568214
000555,12.480,20834858,1568214
603908,30.690,2258700,1568214
002013,7.030,36613521,1568214
000613,5.300,6096826,1568214
603808,16.310,2368901,1568214
000796,6.970,2611100,1568214
300151,9.200,4147434,1568214
002050,13.010,20317456,1568214
603968,16.390,1766600,1568214
000060,4.360,40445705,1568214
000049,37.730,8931189,1568214
000567,9.480,13981819,1568214
000422,2.730,4152900,1568214
002065,7.420,27672886,1568214
603899,40.100,2700873,1568214
002194,20.460,21643610,1568214
000915,23.920,3507669,1568214
000789,9.880,10081486,1568214
000540,3.710,42330963,1568214
000570,4.960,5309715,1568214
603903,14.830,11031983,1568214
000048,24.150,878970,1568214
000019,6.770,5740235,1568214
603898,15.410,1285000,1568214
300391,6.480,4484500,1568214
000543,4.850,7943292,1568214
000685,8.380,4161502,1568214
002007,33.240,13416936,1568214
000731,5.500,4094080,1568214
002067,3.330,22128149,1568214
000920,7.000,2628469,1568214
002192,18.070,6604944,1568214
000568,87.510,25129696,1568214
000695,8.500,1422510,1568214
002186,10.950,1007800,1568214
000055,5.110,7028000,1568214
000565,5.410,3924225,1568214
002025,28.400,7257067,1568214
000913,9.880,1263711,1568214
000566,6.960,29491464,1568214
000681,22.360,6303077,1568214
000682,5.500,114286906,1568214
000050,15.320,58153255,1568214
300252,11.730,12730581,1568214
000018,0.960,12730263,1568214
300363,14.560,8119315,1568214
300737,9.630,3589249,1568214
002189,22.780,8794067,1568214
000039,10.140,6734001,1568214
002005,1.430,9824102,1568214
000020,11.960,2690129,1568214
000793,3.290,22879321,1568214
000918,6.440,5969157,1568214
000678,7.300,6567295,1568214
002063,10.750,24141068,1568214
000026,8.130,2175400,1568214
000596,113.780,2903126,1568214
000811,7.700,23262207,1568214
000544,7.100,21328634,1568214
300439,15.160,5338724,1568214
000564,2.440,18106936,1568214
002027,5.660,68115195,1568214
600803,10.320,4885562,1568214
603773,36.000,5186577,1568214
002185,6.130,81215760,1568214
000815,8.940,19492699,1568214
002062,3.650,3105173,1568214
000813,8.260,20357422,1568214
000851,5.660,18720819,1568214
000561,7.710,6642400,1568214
002064,5.160,14540964,1568214
002049,57.380,23842405,1568214
000950,6.650,5090701,1568214
002061,5.550,6720316,1568214
000835,4.260,7247607,1568214
300495,13.370,25210233,1568214
300743,24.960,7023320,1568214
000917,6.690,14996888,1568214
000856,11.540,5393500,1568214
002022,10.040,5525287,1568214
000697,13.880,19470307,1568214
002188,3.050,1379700,1568214
000046,4.800,22077651,1568214
000560,4.680,8154154,1568214
000677,3.490,40419431,1568214
300490,11.200,4164100,1568214
000043,15.120,4455503,1568214
002006,4.770,5224386,1568214
000922,8.670,7541400,1568214
000810,10.140,41313175,1568214
000038,14.280,27880992,1568214
000948,11.010,9586619,1568214
000541,5.320,3966227,1568214
000040,5.480,32718519,1568214
002184,11.170,4368719,1568214
002023,12.590,21055672,1568214
002021,1.720,3754439,1568214
603895,22.360,1442520,1568214
000016,4.530,32316498,1568214
000937,3.680,10025861,1568214
603900,11.400,1551208,1568214
300415,7.380,4566449,1568214
000798,6.110,1536386,1568214
000546,9.550,2352858,1568214
000027,6.100,10492749,1568214
000828,8.750,2158546,1568214
000062,14.580,6939504,1568214
000820,1.840,11780976,1568214
300297,6.290,22045619,1568214
300501,12.580,1027396,1568214
000563,4.550,129178862,1568214
000056,5.360,35520936,1568214
000930,7.160,13372140,1568214
300466,6.490,38997047,1568214
000059,5.970,10864001,1568214
002557,25.330,3077450,1568214
002069,3.220,4783911,1568214
002316,8.600,21485097,1568214
300515,10.670,22930100,1568214
002313,20.880,13511074,1568214
002311,33.750,6574151,1568214
000690,5.890,6373232,1568214
000700,3.560,6398200,1568214
000823,11.840,20582427,1568214
002010,8.330,16794345,1568214
300751,152.510,850610,1568214
000066,12.550,112293479,1568214
002317,10.700,11475907,1568214
300402,10.690,3292800,1568214
000571,2.380,3723700,1568214
300488,17.400,1789861,1568214
000928,5.660,12541627,1568214
000576,9.120,11251049,1568214
002011,5.150,14588787,1568214
002198,6.760,25663217,1568214
000025,22.150,5785714,1568214
002195,3.800,167569823,1568214
002015,5.700,5248929,1568214
002077,6.330,21864998,1568214
000065,9.510,8266300,1568214
002179,41.830,10324267,1568214
002191,11.520,24695063,1568214
000933,4.720,28345066,1568214
002434,7.260,10980339,1568214
000989,9.000,8679859,1568214
002203,10.480,7596812,1568214
002035,10.920,11043573,1568214
002076,2.800,16511102,1568214
000935,14.830,9631650,1568214
002556,5.830,5881471,1568214
000034,18.340,32631274,1568214
002207,6.490,974200,1568214
002323,0.000,0,1568214
000826,9.970,16406365,1568214
000068,4.670,37937665,1568214
002180,29.280,8029706,1568214
002037,7.570,2004500,1568214
300431,5.530,57489327,1568214
300533,44.450,1672758,1568214
002193,8.980,3286529,1568214
002057,12.100,109372857,1568214
603906,11.250,13267452,1568214
002562,5.250,19289448,1568214
000058,10.180,88659547,1568214
300573,83.900,1287300,1568214
002559,5.760,8921034,1568214
002079,7.470,19527777,1568214
002324,10.680,3458615,1568214
300540,17.010,6557902,1568214
002201,26.380,57127857,1568214
002308,4.740,12677977,1568214
000030,4.690,2972174,1568214
002059,5.840,2296654,1568214
002008,33.330,16914980,1568214
300338,12.580,16034473,1568214
002560,6.600,10840203,1568214
002200,5.950,715200,1568214
000032,13.470,21161085,1568214
002026,5.510,2696171,1568214
002321,6.430,19166941,1568214
000573,3.080,8049601,1568214
002034,16.710,4718333,1568214
002030,10.960,5874306,1568214
002031,2.130,83649230,1568214
000691,3.970,3120500,1568214
002029,6.050,3146962,1568214
000807,5.270,29858861,1568214
000069,7.130,29631245,1568214
002319,10.930,1738400,1568214
300427,15.150,4410142,1568214
002055,11.200,5897544,1568214
002322,14.040,5427436,1568214
000061,5.510,10305093,1568214
002190,19.110,1936908,1568214
002435,4.220,6681873,1568214
002078,8.330,33873054,1568214
000035,6.090,18656976,1568214
002205,20.430,1005774,1568214
002202,13.580,24892266,1568214
002181,4.660,7437301,1568214
300537,18.050,8666073,1568214
000088,6.160,7827718,1568214
002016,8.370,5723258,1568214
300584,32.430,2876678,1568214
002664,17.420,11430732,1568214
002036,14.020,44239147,1568214
002080,10.990,16044311,1568214
000036,4.460,11312987,1568214
002309,6.950,4757420,1568214
002204,3.580,7414800,1568214
000559,5.570,5889813,1568214
002558,18.330,4872550,1568214
002318,8.040,8606639,1568214
000553,9.730,2174250,1568214
000936,7.690,27913777,1568214
000070,13.320,52392068,1568214
000581,17.380,11505586,1568214
002043,5.500,5224200,1568214
300491,14.050,2970140,1568214
002072,4.550,5375385,1568214
000582,9.410,3644361,1568214
000822,4.940,7566120,1568214
002314,3.410,11328077,1568214
002071,3.680,33016783,1568214
002567,11.790,20975742,1568214
002199,15.560,14407535,1568214
002074,13.920,38318178,1568214
002315,18.830,5923351,1568214
000818,10.210,22556427,1568214
000063,35.460,168181583,1568214
002032,70.340,1164237,1568214
002073,6.630,16069096,1568214
002075,8.010,19892471,1568214
002197,8.770,28612393,1568214
300526,51.420,5012750,1568214
002326,9.230,23892384,1568214
002433,4.770,3857002,1568214
000821,7.850,11651991,1568214
000951,15.490,7163896,1568214
002673,9.670,39791044,1568214
002439,34.480,12191832,1568214
002089,2.220,19636200,1568214
002223,22.780,6213424,1568214
002212,17.560,18687733,1568214
002041,10.070,92502281,1568214
002766,2.410,2734227,1568214
002088,12.160,1877273,1568214
000155,4.240,24834812,1568214
002220,1.390,16982260,1568214
002338,14.010,3326100,1568214
002217,6.480,114682880,1568214
002336,5.520,796860,1568214
002218,3.220,15591906,1568214
002573,7.230,4806327,1568214
002437,3.720,34915493,1568214
002445,1.530,35995684,1568214
002670,12.570,52816081,1568214
002208,6.980,5447265,1568214
000096,10.390,1308100,1568214
002354,3.070,22737800,1568214
002442,5.530,21945606,1568214
000156,10.190,6087450,1568214
600283,9.950,1322482,1568214
000089,10.350,27043262,1568214
002209,7.130,2456051,1568214
002243,15.170,22306008,1568214
002356,2.290,13880809,1568214
002081,9.940,12809020,1568214
002040,7.800,5617022,1568214
002342,3.440,6346700,1568214
002872,5.710,5986800,1568214
002576,10.850,2018000,1568214
002340,4.780,65085456,1568214
002770,2.710,16369064,1568214
002094,5.280,20064471,1568214
002224,6.930,51705197,1568214
002767,16.700,583950,1568214
002462,16.860,4256609,1568214
002093,9.640,25347902,1568214
002351,6.550,10647702,1568214
002678,7.440,1677751,1568214
002687,5.900,3510480,1568214
002448,5.420,2577752,1568214
002095,27.300,28370810,1568214
002038,14.270,11751443,1568214
002337,4.140,8130018,1568214
002042,7.270,11379266,1568214
002215,6.710,20119062,1568214
002329,4.490,6513500,1568214
002691,6.670,3647860,1568214
002210,1.410,19463020,1568214
002358,8.600,10944882,1568214
002325,3.270,8968267,1568214
002570,5.820,8703020,1568214
002099,7.550,41904355,1568214
000616,2.770,12192253,1568214
002587,6.880,11084934,1568214
002459,12.190,6509321,1568214
002233,10.060,9568312,1568214
002697,7.160,10924208,1568214
002221,8.280,13532858,1568214
002332,8.150,8853159,1568214
002461,6.300,6191091,1568214
002458,25.480,21727079,1568214
002231,7.750,16168900,1568214
002117,10.900,15207480,1568214
300616,88.270,418720,1568214
002107,8.560,5993164,1568214
002343,8.730,12651595,1568214
002242,23.080,3951242,1568214
002227,11.750,1334702,1568214
300606,17.880,686300,1568214
002355,7.000,15868657,1568214
002469,4.180,2597700,1568214
002339,6.330,2444471,1568214
002365,8.900,3313928,1568214
002256,2.970,58124420,1568214
002578,3.380,2421344,1568214
002347,4.770,11277574,1568214
002708,9.080,12232349,1568214
002742,6.610,3012900,1568214
002091,5.780,6694573,1568214
002778,17.860,547412,1568214
002216,9.520,3026409,1568214
002580,5.630,4259393,1568214
002485,7.040,6947490,1568214
002244,4.050,14500420,1568214
002800,22.700,1971201,1568214
000099,7.930,9619073,1568214
002454,5.060,5657796,1568214
002690,31.400,4518647,1568214
002807,4.530,9965085,1568214
002479,7.760,45722606,1568214
002594,51.110,11635720,1568214
002246,8.680,5525700,1568214
002085,7.310,6210080,1568214
002793,20.140,7861226,1568214
002583,10.760,19416204,1568214
002279,6.940,13072718,1568214
002450,0.000,0,1568214
300611,9.470,1791400,1568214
002087,3.630,12665691,1568214
002480,4.350,7806564,1568214
002711,0.980,27988519,1568214
002786,7.510,4615906,1568214
002701,5.020,23120710,1568214
000151,10.590,3336669,1568214
002694,3.670,11449743,1568214
002780,18.140,943082,1568214
002739,16.240,11903211,1568214
000100,3.760,826546024,1568214
002575,7.220,30600106,1568214
002269,2.290,7475934,1568214
002228,4.220,15905762,1568214
002488,7.800,20976252,1568214
002367,8.290,12487029,1568214
002595,19.450,758430,1568214
002226,5.570,8556955,1568214
300608,18.800,1669032,1568214
002383,11.020,17617700,1568214
002348,3.390,29706190,1568214
002610,1.740,50678986,1568214
002607,15.970,8399424,1568214
300628,64.650,3253870,1568214
002685,5.170,2741318,1568214
002569,9.850,1436400,1568214
002239,1.850,23695899,1568214
002110,8.610,23222681,1568214
002277,3.340,15270800,1568214
002360,5.430,2614800,1568214
300623,22.870,8185291,1568214
002457,8.210,3260157,1568214
002768,25.580,4073489,1568214
002236,17.630,39924061,1568214
002135,5.580,9282300,1568214
002255,4.270,7436436,1568214
002683,15.010,15770992,1568214
002106,8.450,12982675,1568214
002809,16.890,1138437,1568214
002726,9.650,18251253,1568214
002234,35.810,20068341,1568214
002588,4.260,4272281,1568214
002352,38.700,10210568,1568214
002446,10.240,27458264,1568214
002341,6.060,63360567,1568214
002682,4.590,3375849,1568214
002582,8.870,4199521,1568214
002484,7.120,9655266,1568214
002253,15.160,3869696,1568214
002276,5.870,14250756,1568214
002083,5.790,5159601,1568214
002344,4.490,4741300,1568214
002609,10.130,13181575,1568214
002672,10.440,2789816,1568214
300642,41.810,816212,1568214
002681,4.590,23912176,1568214
002783,13.810,32481989,1568214
002473,8.310,1491600,1568214
002775,6.200,2955940,1568214
002873,15.670,1111226,1568214
002565,8.200,143456610,1568214
002709,17.930,5281086,1568214
600079,12.270,14472888,1568214
002675,13.210,9174337,1568214
002328,3.870,5453960,1568214
002345,4.520,11166254,1568214
002361,4.570,15731716,1568214
002122,2.100,13477888,1568214
002688,6.110,41951817,1568214
300633,27.250,1911058,1568214
002568,18.740,2380671,1568214
002676,3.340,11271170,1568214
002706,7.610,7122248,1568214
000090,5.470,12094094,1568214
002455,6.860,10700992,1568214
002674,11.970,2146070,1568214
002363,5.810,5821690,1568214
002254,10.810,6619490,1568214
002581,7.540,15077837,1568214
002097,6.080,6398318,1568214
600182,16.970,2572901,1568214
002245,3.860,8465281,1568214
300617,22.790,560900,1568214
002574,5.830,6576226,1568214
002267,7.250,4835659,1568214
002803,23.330,3846337,1568214
002665,3.640,56694211,1568214
002571,5.250,4442700,1568214
002225,4.450,6884833,1568214
002273,13.060,30657349,1568214
002486,4.680,71839027,1568214
300610,12.540,796083,1568214
002115,8.980,20785770,1568214
002799,14.690,869550,1568214
002684,3.040,8228686,1568214
002131,1.840,87387254,1568214
002357,6.390,5251322,1568214
002333,4.170,2984500,1568214
002100,10.290,56522597,1568214
002132,3.060,11590688,1568214
002477,0.200,298542956,1568214
300615,25.000,7620102,1568214
002105,5.100,9693400,1568214
002466,24.790,31297974,1568214
002096,6.110,1388500,1568214
002592,16.850,22152325,1568214
002378,6.360,15733258,1568214
002606,5.950,12279678,1568214
002129,12.280,65879558,1568214
300613,130.300,1565410,1568214
002590,7.500,5723668,1568214
002379,4.380,10515600,1568214
002086,3.770,7723840,1568214
002703,5.720,14601809,1568214
002264,5.130,4689203,1568214
002603,11.370,5620498,1568214
002103,4.470,18605280,1568214
002353,26.750,6569322,1568214
002237,15.500,40705931,1568214
002241,14.370,94286915,1568214
002331,11.290,4559320,1568214
002214,11.660,16228853,1568214
002368,34.800,10313161,1568214
002250,13.150,9073141,1568214
002366,9.290,13960517,1568214
002724,6.510,9038824,1568214
002108,3.720,11954927,1568214
002251,7.690,6999342,1568214
300609,43.490,1197348,1568214
002120,35.780,5385907,1568214
002463,27.120,164095489,1568214
002798,18.770,2436408,1568214
002586,3.780,3539109,1568214
002772,7.870,3476895,1568214
002787,6.890,1930269,1568214
002443,7.110,7546631,1568214
300625,14.220,751693,1568214
002270,5.620,7234840,1568214
002330,7.020,8915943,1568214
002731,9.390,7813898,1568214
002262,13.250,11378232,1568214
002465,10.440,21697675,1568214
002795,13.840,985100,1568214
002715,16.640,1328172,1568214
300620,37.070,1069915,1568214
002266,4.840,38627445,1568214
002796,43.170,5009995,1568214
002910,12.440,3865800,1568214
002877,8.710,3798698,1568214
300634,21.070,2755385,1568214
002475,24.370,76568379,1568214
002597,20.900,10163086,1568214
002375,5.760,7596251,1568214
002111,15.310,13372583,1568214
002773,34.820,2752355,1568214
002716,6.820,48127110,1568214
002693,4.630,4111615,1568214
002792,28.010,10635422,1568214
002717,4.900,12287690,1568214
002686,6.480,1961918,1568214
002471,2.820,7214072,1568214
002113,1.850,27903977,1568214
002282,9.390,8619932,1568214
002119,16.930,69890949,1568214
002472,5.350,2660626,1568214
002440,12.650,24659769,1568214
002719,11.410,956616,1568214
002487,4.650,3804244,1568214
002039,14.460,782650,1568214
002390,5.510,7689820,1568214
002449,11.990,17869360,1568214
002602,9.500,17711332,1568214
002292,6.640,9056291,1568214
002230,34.420,37402210,1568214
002497,6.590,11843200,1568214
002141,3.720,7775350,1568214
002124,12.530,37645096,1568214
002702,4.840,12643870,1568214
002291,5.290,4193105,1568214
002261,6.020,39039636,1568214
002718,17.130,563757,1568214
002695,13.980,4111640,1568214
002619,3.130,12260784,1568214
002667,7.130,6976010,1568214
002491,7.500,18638650,1568214
300621,12.310,4936279,1568214
002579,12.610,11572799,1568214
002734,17.000,2439918,1568214
002492,4.820,3488300,1568214
002373,18.830,51840925,1568214
002666,4.750,8483000,1568214
002444,11.160,11240545,1568214
002232,9.230,7314169,1568214
002878,25.410,842820,1568214
002398,5.830,6347804,1568214
002393,25.500,1389404,1568214
300632,19.270,4185035,1568214
002284,5.220,13885885,1568214
002211,7.790,21987664,1568214
002745,11.090,12101004,1568214
002743,6.470,3176422,1568214
002589,8.510,64564658,1568214
002611,4.450,24951119,1568214
002126,7.490,6538196,1568214
002460,22.320,26546927,1568214
002802,21.500,822920,1568214
002392,3.620,5451900,1568214
002498,2.980,17865328,1568214
002258,12.710,2920900,1568214
002385,5.520,115404415,1568214
002346,12.440,2391202,1568214
002112,7.330,9149725,1568214
002564,5.290,7991892,1568214
002776,8.820,23771458,1568214
002274,7.940,80993831,1568214
002779,16.760,2014035,1568214
002820,12.400,1155400,1568214
300649,22.980,2450437,1568214
002381,8.250,5582793,1568214
002451,10.450,33919739,1568214
002503,2.450,61675705,1568214
002464,7.800,30579880,1568214
002600,9.620,151017089,1568214
002601,13.860,9358897,1568214
002806,16.310,5038372,1568214
002084,5.200,3608428,1568214
002879,13.640,809274,1568214
002625,9.570,10550278,1568214
002334,5.310,34935963,1568214
002501,1.220,25065008,1568214
002259,1.930,5437701,1568214
002811,14.800,1015388,1568214
002134,13.450,64143079,1568214
002377,4.150,5221269,1568214
002593,3.790,4548100,1568214
002696,6.060,8439760,1568214
002281,31.340,14209566,1568214
002790,6.620,1672624,1568214
002467,6.230,112296860,1568214
002824,11.290,2401867,1568214
002769,9.410,5970348,1568214
002620,6.260,3405500,1568214
002116,8.540,1893932,1568214
002707,5.700,12136474,1568214
002401,12.710,4839635,1568214
002810,14.370,3210599,1568214
002296,6.930,8978912,1568214
002624,29.640,9997898,1568214
002623,14.460,701369,1568214
002699,5.950,7826939,1568214
300651,34.410,675360,1568214
002692,3.960,16886822,1568214
002713,8.890,2106897,1568214
002114,8.760,6519034,1568214
002247,3.250,29404066,1568214
002823,10.020,4030590,1568214
002618,14.470,9839767,1568214
002615,6.020,5820800,1568214
002679,17.190,2306252,1568214
002777,31.940,3538240,1568214
002374,3.020,4279800,1568214
002249,4.480,45911218,1568214
002298,7.710,6207528,1568214
002252,8.980,94638191,1568214
300607,41.940,2093035,1568214
002187,8.380,544401,1568214
002700,7.620,5630589,1568214
002364,11.340,5155911,1568214
002821,107.100,2012541,1568214
002622,3.990,108539736,1568214
002240,7.910,5975200,1568214
002438,7.900,3664500,1568214
002248,8.480,3094620,1568214
002468,23.950,5681065,1568214
002612,8.720,1832700,1568214
300637,13.930,7483507,1568214
002275,14.000,2125620,1568214
002125,5.580,10493003,1568214
002732,23.030,2219703,1568214
002689,4.520,19142364,1568214
002818,12.620,1437892,1568214
002133,3.380,2950400,1568214
002483,4.450,22375078,1568214
002104,7.530,64646539,1568214
002272,5.060,9613400,1568214
002092,7.260,12120786,1568214
002781,18.440,3321650,1568214
300636,23.100,1650188,1568214
002280,3.670,41183497,1568214
002388,8.360,19005521,1568214
002481,8.800,102102505,1568214
002219,2.940,23830446,1568214
300635,18.150,4045600,1568214
002387,16.610,6644703,1568214
002876,41.100,3905904,1568214
002728,15.820,697869,1568214
002722,14.870,1263200,1568214
002453,6.560,15212791,1568214
300631,18.700,2900160,1568214
300630,51.980,3638375,1568214
002127,9.910,16225451,1568214
002725,12.300,11910965,1568214
002506,6.310,49722937,1568214
300622,23.970,4400162,1568214
002278,6.270,3622400,1568214
002271,21.590,9212484,1568214
002386,6.070,5777400,1568214
002730,8.470,4480651,1568214
300647,16.070,6036805,1568214
002735,16.000,1388040,1568214
002403,8.370,1250919,1568214
002143,0.550,11634800,1568214
002591,8.400,6624200,1568214
300626,8.400,3710680,1568214
002396,28.480,13867188,1568214
300639,18.140,5912921,1568214
002740,6.780,3314368,1568214
002376,13.050,6079900,1568214
002285,4.190,10379803,1568214
002746,17.210,10386721,1568214
002596,6.610,27828703,1568214
002741,12.040,5079909,1568214
002500,8.260,33562646,1568214
300640,8.060,1539540,1568214
002147,2.130,14511094,1568214
002294,23.830,9725561,1568214
300643,9.200,5352393,1568214
300627,19.930,2959640,1568214
002145,4.170,22219282,1568214
002137,6.950,10016280,1568214
002350,6.040,9583019,1568214
002493,11.350,7301799,1568214
002813,29.000,1770602,1568214
002395,23.600,833900,1568214
002816,19.870,1306735,1568214
300652,20.950,458113,1568214
002495,3.080,6237605,1568214
002729,39.980,311450,1568214
002394,9.890,1807930,1568214
300648,19.060,10596955,1568214
002138,24.500,24662438,1568214
002286,6.100,2088028,1568214
002613,2.830,2430250,1568214
002148,5.790,7229718,1568214
002470,3.560,72903701,1568214
300629,22.280,3075111,1568214
300618,66.150,8208575,1568214
002109,3.810,7210202,1568214
002121,5.260,27457669,1568214
002478,6.110,4551302,1568214
002785,11.380,1735427,1568214
002598,6.770,1626300,1568214
300612,18.740,2880549,1568214
002791,20.570,1805802,1568214
002389,11.490,5700505,1568214
002801,34.800,2766994,1568214
002788,8.700,7287630,1568214
002397,5.260,2466557,1568214
002130,4.850,22591850,1568214
002736,13.600,38890880,1568214
002441,7.440,3826264,1568214
002370,10.240,43305608,1568214
002608,8.700,20412024,1568214
002290,5.050,585621,1568214
002474,8.710,16238767,1568214
300619,24.510,739204,1568214
002265,10.700,7901723,1568214
002391,8.620,5051262,1568214
002140,8.090,18147687,1568214
002490,4.280,2665975,1568214
002812,31.860,7729408,1568214
002721,5.760,8731800,1568214
002384,22.290,39097162,1568214
002399,21.630,7592446,1568214
002136,8.620,4366600,1568214
002819,20.380,5505892,1568214
002404,5.650,6367700,1568214
300650,16.510,2613515,1568214
002738,17.150,1641200,1568214
002499,4.050,718641,1568214
002283,3.870,5502720,1568214
002817,19.340,864800,1568214
300653,72.200,1678304,1568214
002723,9.490,2514500,1568214
002288,5.140,44725824,1568214
002139,6.270,21988127,1568214
002142,24.590,16184630,1568214
002293,9.330,1332765,1568214
002747,10.180,26049959,1568214
002436,7.800,55938517,1568214
000572,1.780,8791861,1568214
002372,15.660,5002834,1568214
002561,8.360,1599953,1568214
002616,7.210,2585676,1568214
002614,12.680,9524695,1568214
002496,2.900,13840901,1568214
300641,5.580,2505620,1568214
000908,4.640,12923986,1568214
002617,6.210,22881548,1568214
002585,4.870,12937190,1568214
002815,21.290,12728958,1568214
002295,7.860,1233168,1568214
300506,8.930,8646873,1568214
002405,17.140,50723012,1568214
002749,12.500,4472849,1568214
002636,9.600,20365436,1568214
002504,3.150,7356431,1568214
002149,8.730,9590987,1568214
300654,12.920,2477000,1568214
002751,30.570,17164754,1568214
002505,1.970,133157385,1568214
300017,11.920,96670464,1568214
002774,8.620,3290091,1568214
002753,8.510,2741502,1568214
002300,7.150,9246900,1568214
300657,40.850,6146402,1568214
002638,3.110,13093659,1568214
002761,9.810,8851689,1568214
002822,8.600,15900124,1568214
002400,3.060,14012722,1568214
300644,28.800,823566,1568214
300085,18.210,86640460,1568214
002165,4.950,1850902,1568214
002163,5.070,4482501,1568214
300012,12.500,26918964,1568214
002758,10.180,3965750,1568214
002828,12.690,8334111,1568214
002759,10.200,9050936,1568214
002752,5.980,1119825,1568214
300658,15.250,1878700,1568214
300661,145.680,1367430,1568214
002156,10.090,17702172,1568214
002832,24.600,1121295,1568214
002633,8.850,719500,1568214
300014,43.550,19574082,1568214
002621,12.960,2082040,1568214
002154,3.080,12819902,1568214
002507,23.620,22590731,1568214
002510,3.910,6804100,1568214
002153,40.620,6262416,1568214
002158,8.530,10784508,1568214
002413,6.570,24856387,1568214
002303,5.140,20238976,1568214
002760,18.200,1290800,1568214
002637,7.740,6151100,1568214
002304,104.530,14202101,1568214
002170,3.440,12277038,1568214
300659,51.580,5223873,1568214
002830,17.340,4907600,1568214
002884,15.140,1508308,1568214
002407,14.160,27493621,1568214
002519,4.370,13183790,1568214
300662,31.140,1634100,1568214
002649,9.430,14213700,1568214
002161,7.670,22722351,1568214
002164,4.370,15548602,1568214
002827,10.900,4340100,1568214
002831,21.440,2520447,1568214
300660,16.360,1782524,1568214
002155,9.630,23357202,1568214
002833,36.100,1020021,1568214
002307,6.200,14347157,1568214
002762,5.510,4257928,1568214
300021,5.480,16121869,1568214
002416,5.840,9536220,1568214
002835,11.600,5489430,1568214
002845,18.830,3896900,1568214
002757,18.290,2312861,1568214
002842,16.080,21695828,1568214
002172,3.770,6460514,1568214
002849,15.400,1685100,1568214
300024,15.360,18422901,1568214
002411,17.100,17280566,1568214
002903,18.190,8313239,1568214
002763,8.410,1785640,1568214
002880,50.810,1595656,1568214
002533,5.060,3504900,1568214
300683,33.320,1585200,1568214
002886,22.210,5607477,1568214
002756,14.490,2182900,1568214
002517,3.120,47467840,1568214
300015,33.960,13517670,1568214
300155,5.220,3822240,1568214
002891,19.660,1134700,1568214
002511,13.640,34023910,1568214
002836,14.680,5075292,1568214
002911,15.140,1692000,1568214
002301,11.700,3560403,1568214
002892,49.460,1820481,1568214
002635,14.990,25089312,1568214
002642,5.660,8700548,1568214
002516,2.880,7405700,1568214
002412,11.430,6424842,1568214
300036,17.780,15015457,1568214
300090,1.810,45507310,1568214
002660,8.090,7692613,1568214
002306,2.740,1261000,1568214
002512,5.150,21008442,1568214
002160,3.310,5217190,1568214
300018,6.160,20075042,1568214
002523,3.600,12019107,1568214
300671,24.000,7458420,1568214
002641,4.660,5222681,1568214
002634,7.030,1084884,1568214
002419,12.190,9545503,1568214
002409,19.660,9738700,1568214
300687,16.520,10025496,1568214
300088,7.910,111750006,1568214
002888,20.180,5128011,1568214
002897,29.050,11555713,1568214
300037,25.850,4467890,1568214
002898,14.540,2019156,1568214
300026,3.470,11061417,1568214
002522,5.890,28304665,1568214
002421,4.040,60618481,1568214
002893,13.240,2692270,1568214
300673,27.450,1438040,1568214
002755,13.750,3274829,1568214
002423,9.620,8552498,1568214
300022,4.170,12941970,1568214
300044,7.920,21694769,1568214
002648,14.180,21102697,1568214
300038,10.170,20519077,1568214
002857,14.680,657580,1568214
300086,5.360,4776250,1568214
300020,9.390,24302516,1568214
300045,9.490,19921375,1568214
002838,13.180,2110020,1568214
300016,9.610,8702505,1568214
002524,6.710,17209699,1568214
002843,8.460,1589087,1568214
300158,5.310,53397873,1568214
300011,6.380,5203727,1568214
002919,16.090,2798817,1568214
002529,6.720,4571562,1568214
002651,4.700,3014200,1568214
002896,24.930,900305,1568214
002175,2.100,1103271,1568214
002530,10.050,12739457,1568214
002907,17.190,3080611,1568214
002920,26.800,3780009,1568214
300656,23.360,2295756,1568214
002885,20.050,7156917,1568214
002168,8.360,6421056,1568214
300674,35.400,13289444,1568214
300033,118.300,19743895,1568214
002640,8.600,78443011,1568214
002424,9.440,8608003,1568214
002166,8.120,29603012,1568214
002847,30.940,1766852,1568214
300032,3.170,48191863,1568214
002887,16.010,2369080,1568214
002922,16.290,2384800,1568214
002428,9.310,30855296,1568214
002652,4.090,4953580,1568214
002518,9.200,7289744,1568214
002653,19.230,18175756,1568214
300102,5.280,5974600,1568214
002418,3.280,23118995,1568214
002515,5.250,8062428,1568214
300052,10.530,6509500,1568214
300676,72.370,5729574,1568214
300666,43.410,5235165,1568214
300664,12.920,4923800,1568214
300161,16.460,2480750,1568214
300677,16.680,3836220,1568214
002851,22.400,6875693,1568214
002540,4.320,2610314,1568214
300665,10.700,3352754,1568214
300162,7.790,18623272,1568214
002865,16.820,1482443,1568214
002889,25.330,1831215,1568214
002543,9.700,1523859,1568214
300154,6.120,9703687,1568214
300031,12.160,2895271,1568214
300030,6.090,3599509,1568214
300035,5.710,6146556,1568214
002173,6.320,3638854,1568214
002656,4.440,18116136,1568214
002169,7.140,77435621,1568214
002162,3.440,7588600,1568214
300678,22.820,4225260,1568214
002171,6.780,22811102,1568214
002837,20.450,4602843,1568214
002632,6.310,3978133,1568214
002839,5.700,18540684,1568214
002178,4.140,66223287,1568214
002860,20.840,2504411,1568214
002906,11.870,1862000,1568214
300023,8.800,21666088,1568214
300692,13.760,2626200,1568214
002646,12.110,2806644,1568214
002427,12.030,1155202,1568214
300046,18.270,5252600,1568214
002429,3.030,25512376,1568214
002895,12.570,4303058,1568214
300097,10.560,7648052,1568214
002913,56.380,2253775,1568214
002923,20.110,7514954,1568214
002925,43.950,3127592,1568214
002840,17.090,2532297,1568214
002545,6.640,12474753,1568214
002931,27.810,992689,1568214
002176,4.360,20504090,1568214
002859,34.810,1493928,1568214
300099,7.970,35458854,1568214
002932,40.320,1402898,1568214
002414,23.000,8614256,1568214
